student_id,course,completion_rate,assessment_score,support_tickets,enrollment_date
STU0000,AWS,0.5914357918217663,67,0,2024-07-11
STU0001,Kubernetes,0.664194352478578,94,1,2024-03-22
STU0002,AWS,0.24955099453704943,62,5,2024-05-10
STU0003,Kubernetes,0.7705267173419081,93,2,2024-01-26
STU0004,Docker,0.9593548507670879,75,2,2024-05-20
STU0005,Docker,0.6180837230794893,98,1,2024-05-23
STU0006,Terraform,0.7980344981284502,76,4,2024-09-27
STU0007,Docker,0.9266634568607965,61,3,2024-09-26
STU0008,Docker,0.7945401285369762,94,0,2024-07-04
STU0009,Terraform,0.7854421961135456,70,1,2024-06-24
STU0010,Kubernetes,0.2785710527126198,84,5,2024-12-17
STU0011,AWS,0.31892325774779035,68,3,2024-02-05
STU0012,AWS,0.5425303604068916,71,0,2024-02-14
STU0013,Docker,0.7140871130339079,70,2,2024-04-06
STU0014,Kubernetes,0.4132371506395376,86,3,2024-11-07
STU0015,Docker,0.5979964018942983,83,4,2024-12-06
STU0016,Terraform,0.9609987865577814,64,0,2024-05-26
STU0017,Kubernetes,0.6320726745993395,88,1,2024-02-15
STU0018,Terraform,0.3499962340593803,86,3,2024-03-03
STU0019,Kubernetes,0.5573962737857393,80,2,2024-05-08
STU0020,Kubernetes,0.23872519637328768,74,1,2024-09-02
STU0021,Terraform,0.9068216851957527,98,3,2024-08-25
STU0022,Terraform,0.4581269468796667,100,5,2024-04-21
STU0023,Docker,0.6337162525901106,96,4,2024-11-02
STU0024,AWS,0.3069014937251667,88,2,2024-03-09
STU0025,Kubernetes,0.9548664841373702,82,5,2024-02-04
STU0026,Docker,0.2901884594671871,63,4,2024-11-14
STU0027,Docker,0.6185611637231401,76,5,2024-07-20
STU0028,AWS,0.9150072405481746,71,0,2024-05-15
STU0029,AWS,0.8091198779353177,84,5,2024-12-18
STU0030,Kubernetes,0.9864711464038545,95,4,2024-12-05
STU0031,AWS,0.21544971233499918,64,4,2024-11-22
STU0032,Docker,0.901502473968562,88,5,2024-10-05
STU0033,Kubernetes,0.9558275618031922,76,3,2024-09-17
STU0034,Docker,0.513876630458945,91,2,2024-12-26
STU0035,AWS,0.6176726362903358,66,5,2024-02-14
STU0036,Docker,0.3943275591545894,94,1,2024-02-12
STU0037,AWS,0.615542197682984,62,3,2024-06-24
STU0038,Kubernetes,0.6385495624832218,67,3,2024-07-25
STU0039,Terraform,0.8486005105269967,84,3,2024-05-08
STU0040,Docker,0.31650691417413307,60,0,2024-11-13
STU0041,Terraform,0.6267507033086721,84,5,2024-07-28
STU0042,Kubernetes,0.7058447427993682,90,4,2024-09-01
STU0043,Docker,0.3707987148415735,77,1,2024-01-13
STU0044,AWS,0.29146612970064123,96,3,2024-09-16
STU0045,Docker,0.6779660637820633,69,3,2024-01-05
STU0046,Kubernetes,0.9088260640018049,68,0,2024-08-28
STU0047,AWS,0.5804603656317799,95,2,2024-02-08
STU0048,Docker,0.783478583170389,60,4,2024-06-01
STU0049,AWS,0.37190971691960767,75,3,2024-05-10
STU0050,AWS,0.9808195265648727,85,3,2024-05-13
STU0051,Kubernetes,0.8545701596809814,65,0,2024-06-14
STU0052,AWS,0.3684145510482024,88,2,2024-01-06
STU0053,AWS,0.3439528825541053,60,0,2024-06-06
STU0054,Terraform,0.7025942410865993,60,0,2024-11-22
STU0055,Kubernetes,0.3476062515946833,69,5,2024-05-22
STU0056,Kubernetes,0.4579269251026453,70,0,2024-01-11
STU0057,AWS,0.5993420897108718,76,5,2024-11-25
STU0058,Kubernetes,0.7273166210489725,91,5,2024-03-26
STU0059,AWS,0.851036661489631,64,2,2024-07-26
STU0060,Kubernetes,0.25291100486975415,71,4,2024-09-06
STU0061,Kubernetes,0.2515302105712389,63,2,2024-05-17
STU0062,Terraform,0.46488387854462226,70,4,2024-05-05
STU0063,Terraform,0.8771204976191693,86,3,2024-11-09
STU0064,AWS,0.5348095119273333,70,2,2024-07-11
STU0065,Kubernetes,0.23226587821950498,93,5,2024-06-04
STU0066,Terraform,0.38805260571464056,67,3,2024-07-08
STU0067,Docker,0.3446585756743865,81,1,2024-01-10
STU0068,AWS,0.8966755916339828,71,5,2024-01-14
STU0069,Kubernetes,0.8632897974304634,98,0,2024-09-20
STU0070,AWS,0.7867877472420048,67,1,2024-10-01
STU0071,AWS,0.33641965314491407,85,4,2024-02-05
STU0072,AWS,0.7643759470686518,91,4,2024-09-06
STU0073,Kubernetes,0.8457775579271039,74,3,2024-03-02
STU0074,Terraform,0.3409919290138398,90,4,2024-05-27
STU0075,Docker,0.6225253779199622,86,5,2024-03-21
STU0076,AWS,0.5783810367053279,75,5,2024-01-21
STU0077,Kubernetes,0.7098798911058595,74,4,2024-02-14
STU0078,Docker,0.5658119775680464,62,2,2024-11-19
STU0079,Terraform,0.24341626032995647,65,2,2024-05-21
STU0080,Docker,0.5783188773305046,93,0,2024-07-08
STU0081,Docker,0.6710695575472552,65,0,2024-08-20
STU0082,Terraform,0.8745949082597941,73,3,2024-04-16
STU0083,Docker,0.8043304633909216,67,0,2024-11-05
STU0084,Terraform,0.23875321569414282,69,5,2024-03-26
STU0085,Docker,0.8261679973832974,74,5,2024-07-13
STU0086,Kubernetes,0.26479833975765504,94,2,2024-10-12
STU0087,Kubernetes,0.6797454852517305,74,5,2024-11-01
STU0088,AWS,0.46823391502848666,73,4,2024-01-01
STU0089,AWS,0.3698905594049966,61,5,2024-11-12
STU0090,AWS,0.8398500016660508,85,0,2024-09-23
STU0091,Kubernetes,0.3261937156486586,77,4,2024-04-11
STU0092,Kubernetes,0.3418634813370449,96,2,2024-06-23
STU0093,Docker,0.9431939912275831,75,4,2024-07-10
STU0094,Docker,0.6758967455414708,69,4,2024-03-06
STU0095,Docker,0.7984623209566559,61,5,2024-04-06
STU0096,Terraform,0.34432786095836515,100,1,2024-04-01
STU0097,Kubernetes,0.5895292088902504,77,5,2024-05-25
STU0098,Kubernetes,0.9505033113948231,80,5,2024-04-08
STU0099,Terraform,0.8072985130760275,77,4,2024-11-24
STU0100,AWS,0.7778085113122912,71,4,2024-11-19
STU0101,AWS,0.2871010088424344,98,4,2024-01-22
STU0102,AWS,0.2183635030897988,71,0,2024-06-08
STU0103,Docker,0.34891577239550975,85,3,2024-08-21
STU0104,Terraform,0.7175083496948651,61,3,2024-03-08
STU0105,Kubernetes,0.5071590492230793,78,0,2024-09-07
STU0106,Terraform,0.22610162778265705,63,1,2024-10-14
STU0107,Kubernetes,0.6135973494750979,88,1,2024-02-12
STU0108,Docker,0.6008809704713141,65,0,2024-04-09
STU0109,Terraform,0.9372383235538804,60,1,2024-10-11
STU0110,Kubernetes,0.712762672998251,96,0,2024-04-22
STU0111,Kubernetes,0.405166486758825,68,4,2024-05-03
STU0112,Terraform,0.5638957256120358,97,5,2024-01-21
STU0113,AWS,0.40856025507298804,66,5,2024-06-17
STU0114,AWS,0.7663660451531207,81,1,2024-07-11
STU0115,Docker,0.3319512290282627,92,0,2024-08-20
STU0116,AWS,0.8706235846507053,99,4,2024-07-18
STU0117,Docker,0.327154935741505,61,5,2024-01-08
STU0118,Docker,0.4736529945511119,87,5,2024-12-13
STU0119,Kubernetes,0.44457794821563523,68,5,2024-07-18
STU0120,Terraform,0.34508306366655717,99,5,2024-12-15
STU0121,Kubernetes,0.9844603203536944,75,3,2024-07-22
STU0122,Kubernetes,0.6962469935129432,82,3,2024-09-20
STU0123,Terraform,0.8703948059378428,96,5,2024-05-20
STU0124,AWS,0.2903317773719336,85,3,2024-04-25
STU0125,Kubernetes,0.899847439090474,64,3,2024-09-07
STU0126,Kubernetes,0.7028039521413099,88,0,2024-12-12
STU0127,Kubernetes,0.6147003263835544,79,3,2024-06-07
STU0128,Terraform,0.9018045816766576,62,1,2024-09-28
STU0129,Kubernetes,0.338006334158365,76,2,2024-10-07
STU0130,Terraform,0.3447810441832385,62,3,2024-05-10
STU0131,AWS,0.6619542989018399,74,0,2024-06-09
STU0132,AWS,0.51433130303975,90,0,2024-09-28
STU0133,Docker,0.43546732409531946,62,2,2024-02-13
STU0134,Terraform,0.579045528473845,99,1,2024-04-27
STU0135,AWS,0.33340233600601954,63,5,2024-10-09
STU0136,Docker,0.8505033774252451,84,5,2024-07-26
STU0137,Docker,0.604730120791263,61,4,2024-03-24
STU0138,Terraform,0.3517693177457038,78,5,2024-03-22
STU0139,Docker,0.9759882960054691,71,5,2024-10-20
STU0140,Kubernetes,0.20006734944702062,67,2,2024-10-22
STU0141,Terraform,0.35383693323838084,77,5,2024-06-02
STU0142,Terraform,0.9769856729206328,85,5,2024-11-01
STU0143,Docker,0.34480150414742583,69,3,2024-12-07
STU0144,Kubernetes,0.41747214936549737,69,3,2024-08-09
STU0145,AWS,0.6387662311590703,84,1,2024-06-08
STU0146,AWS,0.8610912512388622,70,5,2024-04-09
STU0147,AWS,0.6693787956811437,90,1,2024-08-19
STU0148,AWS,0.41851495789829,77,4,2024-10-09
STU0149,Docker,0.5966084804781142,75,3,2024-01-14
STU0150,Terraform,0.314977664187444,80,5,2024-07-09
STU0151,Kubernetes,0.9486813888969552,99,1,2024-08-28
STU0152,Kubernetes,0.8443627608791664,81,4,2024-09-01
STU0153,AWS,0.4778723621491632,88,2,2024-11-20
STU0154,Kubernetes,0.685777776563439,80,0,2024-12-20
STU0155,Terraform,0.6310124160321099,60,4,2024-06-27
STU0156,AWS,0.4069939318881596,92,4,2024-07-28
STU0157,AWS,0.32554677626386025,93,4,2024-08-11
STU0158,AWS,0.9855999051336835,75,0,2024-02-09
STU0159,Docker,0.5996155991338431,61,0,2024-07-15
STU0160,Terraform,0.6702678543947063,71,4,2024-08-09
STU0161,Terraform,0.9404587018473107,72,4,2024-06-21
STU0162,Terraform,0.37990212629353626,60,1,2024-12-04
STU0163,AWS,0.30960096758008826,89,3,2024-01-27
STU0164,Terraform,0.6773633988364058,76,2,2024-01-17
STU0165,Kubernetes,0.3261084086563012,82,0,2024-08-18
STU0166,Terraform,0.7523635931114174,88,0,2024-06-17
STU0167,AWS,0.894410155788951,69,0,2024-07-01
STU0168,Docker,0.4631576107846487,64,1,2024-11-28
STU0169,Docker,0.6080373456264256,100,0,2024-09-04
STU0170,Kubernetes,0.2946578141621564,74,0,2024-11-14
STU0171,AWS,0.22128675571966552,84,5,2024-05-02
STU0172,Docker,0.4988546499033432,91,4,2024-03-02
STU0173,Terraform,0.43330986372323266,84,4,2024-01-06
STU0174,AWS,0.3661859170399693,98,0,2024-04-22
STU0175,Terraform,0.8216858516487902,85,2,2024-08-19
STU0176,Docker,0.7600986761533408,98,0,2024-06-05
STU0177,Terraform,0.657648071537001,71,4,2024-11-15
STU0178,Terraform,0.6164350595619537,91,0,2024-01-01
STU0179,Kubernetes,0.46725606137830855,87,1,2024-10-25
STU0180,Docker,0.8990489041276459,60,0,2024-09-03
STU0181,AWS,0.4021901498826977,86,3,2024-08-02
STU0182,Terraform,0.3691708785765049,74,4,2024-09-20
STU0183,AWS,0.9630073064173417,78,5,2024-11-03
STU0184,Kubernetes,0.8722270611191791,94,0,2024-07-20
STU0185,Docker,0.9996523026334259,78,0,2024-12-28
STU0186,Docker,0.2889059994585277,60,2,2024-06-27
STU0187,Kubernetes,0.8183925209721583,64,3,2024-10-08
STU0188,Docker,0.9791568750672688,90,3,2024-07-05
STU0189,AWS,0.23416190032749187,94,3,2024-08-16
STU0190,Docker,0.5620771085861099,92,1,2024-04-26
STU0191,Docker,0.2744806106319633,91,1,2024-12-08
STU0192,Docker,0.28106439884945944,69,2,2024-09-27
STU0193,Kubernetes,0.6132247977775491,67,4,2024-04-08
STU0194,Docker,0.976840929563765,95,2,2024-05-11
STU0195,Terraform,0.3498060329618523,75,1,2024-07-12
STU0196,AWS,0.39467370405412994,86,1,2024-03-11
STU0197,AWS,0.4891902114482969,69,2,2024-09-13
STU0198,Docker,0.280183352019324,74,4,2024-11-01
STU0199,Terraform,0.6763615911728201,80,3,2024-11-21
STU0200,Docker,0.4029165157269658,85,4,2024-08-28
STU0201,Terraform,0.8805719856762673,96,2,2024-12-24
STU0202,Kubernetes,0.7913210047063977,98,4,2024-02-20
STU0203,Kubernetes,0.5372462551541102,83,0,2024-06-27
STU0204,Kubernetes,0.25434820503279654,76,0,2024-09-25
STU0205,Terraform,0.821059330334794,90,1,2024-10-26
STU0206,Kubernetes,0.47888327502807004,89,5,2024-12-24
STU0207,Docker,0.9914710468497026,79,3,2024-02-18
STU0208,AWS,0.4102323579545418,89,1,2024-04-12
STU0209,Terraform,0.7770792913738136,90,1,2024-06-01
STU0210,Docker,0.8254110286661567,98,1,2024-11-06
STU0211,Kubernetes,0.5781050557396308,92,3,2024-05-14
STU0212,AWS,0.2598023115325317,75,1,2024-04-18
STU0213,AWS,0.3285423392949503,65,4,2024-09-21
STU0214,AWS,0.620893703153156,66,1,2024-04-17
STU0215,AWS,0.5350454700953406,70,0,2024-01-03
STU0216,AWS,0.6351111288741451,70,0,2024-12-25
STU0217,AWS,0.8474006461091457,70,0,2024-11-28
STU0218,AWS,0.8263575586750329,67,2,2024-02-10
STU0219,AWS,0.9754737455511917,97,1,2024-11-09
STU0220,AWS,0.7991862455100227,64,4,2024-02-15
STU0221,AWS,0.7620502194298606,97,3,2024-02-04
STU0222,AWS,0.39472144276753085,66,0,2024-03-09
STU0223,Docker,0.8300092319382142,87,0,2024-12-26
STU0224,Terraform,0.23868583578846217,65,1,2024-04-06
STU0225,Docker,0.856135351575396,77,1,2024-10-26
STU0226,Terraform,0.7641175856530456,81,0,2024-02-04
STU0227,AWS,0.7702814172064039,70,0,2024-07-12
STU0228,Kubernetes,0.7221560771768516,79,0,2024-07-01
STU0229,Terraform,0.7964923033798443,62,1,2024-08-09
STU0230,Terraform,0.3991244173301385,85,0,2024-05-14
STU0231,Kubernetes,0.5433143376776359,82,3,2024-05-14
STU0232,AWS,0.6002101185094564,63,5,2024-12-13
STU0233,Terraform,0.2829760675054173,61,3,2024-09-20
STU0234,Terraform,0.7805011948531451,71,5,2024-02-14
STU0235,Kubernetes,0.5981318843512621,89,3,2024-03-18
STU0236,AWS,0.7621985362255108,66,0,2024-02-17
STU0237,Terraform,0.6090707261954111,79,4,2024-11-25
STU0238,Docker,0.2003537751080935,75,1,2024-09-07
STU0239,AWS,0.30865429185905857,68,0,2024-02-21
STU0240,AWS,0.603674954324837,87,2,2024-04-11
STU0241,Terraform,0.5747191621987182,78,4,2024-12-14
STU0242,Kubernetes,0.4553764586991933,67,5,2024-07-15
STU0243,Kubernetes,0.6838813314123533,88,0,2024-08-01
STU0244,AWS,0.6582895835574121,77,5,2024-07-16
STU0245,Kubernetes,0.5714068095546743,75,4,2024-01-05
STU0246,Docker,0.917539703530655,72,2,2024-02-05
STU0247,Docker,0.4921682390739377,92,1,2024-08-19
STU0248,Terraform,0.3607191134486528,73,0,2024-01-06
STU0249,AWS,0.6083148428991971,95,3,2024-05-19
STU0250,Docker,0.7555469556207952,87,3,2024-10-28
STU0251,Kubernetes,0.7568976999932475,80,2,2024-06-11
STU0252,Kubernetes,0.7964125657511738,68,4,2024-11-10
STU0253,Kubernetes,0.525699913153389,86,1,2024-06-11
STU0254,AWS,0.9799693113357184,65,3,2024-11-23
STU0255,AWS,0.2574313206518215,66,1,2024-07-13
STU0256,AWS,0.7574111512627908,87,4,2024-12-02
STU0257,Terraform,0.7608631232976475,66,4,2024-07-25
STU0258,AWS,0.38863640093272206,73,5,2024-07-18
STU0259,Kubernetes,0.2686399426018337,78,2,2024-05-28
STU0260,Docker,0.464685491417379,91,2,2024-06-24
STU0261,Docker,0.3315690000556286,63,3,2024-12-11
STU0262,AWS,0.7186749473045524,84,3,2024-11-20
STU0263,Docker,0.8939029680322099,74,3,2024-12-19
STU0264,AWS,0.3232125723704794,100,1,2024-12-24
STU0265,AWS,0.5155286867319178,61,0,2024-01-15
STU0266,Terraform,0.9611485718008876,70,0,2024-05-10
STU0267,Docker,0.714617790998376,70,1,2024-09-15
STU0268,Docker,0.6198823009012435,81,4,2024-06-28
STU0269,Kubernetes,0.26697301161650605,94,4,2024-05-10
STU0270,Kubernetes,0.884599589169685,91,4,2024-04-11
STU0271,Kubernetes,0.32298190188757725,67,1,2024-10-09
STU0272,Kubernetes,0.38126509602651826,74,4,2024-06-02
STU0273,Docker,0.544050301361912,67,4,2024-02-17
STU0274,Terraform,0.4309976483149595,73,1,2024-01-18
STU0275,Terraform,0.8930978694280078,100,3,2024-01-17
STU0276,Docker,0.7619599049884556,84,0,2024-08-21
STU0277,AWS,0.8762711752082588,85,4,2024-11-18
STU0278,Terraform,0.6155887077973112,78,0,2024-06-15
STU0279,Terraform,0.25759898410644766,71,2,2024-11-21
STU0280,Kubernetes,0.7369940034905258,90,5,2024-01-25
STU0281,Terraform,0.8751451947675377,79,2,2024-01-26
STU0282,Kubernetes,0.5781432561324242,83,3,2024-10-25
STU0283,Kubernetes,0.7262749963650879,60,3,2024-05-20
STU0284,Docker,0.36981203937358126,77,1,2024-10-01
STU0285,Kubernetes,0.20041387075921088,66,5,2024-09-21
STU0286,Kubernetes,0.4358067652725304,60,4,2024-06-06
STU0287,Docker,0.28494076243174044,92,4,2024-01-03
STU0288,Kubernetes,0.4150993031373533,95,2,2024-07-16
STU0289,Kubernetes,0.5478779018885105,81,3,2024-08-24
STU0290,Terraform,0.8951670316344544,95,4,2024-06-10
STU0291,AWS,0.39454445306935026,81,3,2024-01-19
STU0292,Docker,0.8177974148580291,85,5,2024-06-06
STU0293,Docker,0.8096806192476236,77,3,2024-10-22
STU0294,Terraform,0.2961345262709279,75,5,2024-07-21
STU0295,AWS,0.551799826643542,63,5,2024-08-08
STU0296,Docker,0.507316823398735,91,4,2024-03-05
STU0297,Terraform,0.40383638110593917,88,0,2024-03-10
STU0298,Kubernetes,0.515580919088147,64,1,2024-02-13
STU0299,Terraform,0.2587295582373703,94,2,2024-10-17
STU0300,Kubernetes,0.6475093676542332,85,3,2024-08-05
STU0301,AWS,0.6945344126820823,72,0,2024-01-01
STU0302,Kubernetes,0.8997455857584402,86,1,2024-09-09
STU0303,Kubernetes,0.33577530145248424,73,5,2024-10-15
STU0304,Docker,0.9557670436195294,86,4,2024-03-28
STU0305,Docker,0.6563404592158637,71,3,2024-09-05
STU0306,Docker,0.3028275533701053,96,2,2024-08-05
STU0307,AWS,0.4368406893886748,90,4,2024-04-14
STU0308,Terraform,0.6876337354804487,67,2,2024-03-09
STU0309,Kubernetes,0.46921129625851565,97,1,2024-07-27
STU0310,Docker,0.22631338213940533,98,5,2024-01-09
STU0311,AWS,0.7506859310506524,63,2,2024-08-10
STU0312,Docker,0.6661408821988806,92,4,2024-05-22
STU0313,AWS,0.9850231913800265,100,5,2024-05-21
STU0314,AWS,0.3153681076711992,71,0,2024-02-26
STU0315,Kubernetes,0.9081503394629948,81,0,2024-04-05
STU0316,Docker,0.5706766937662098,60,2,2024-02-12
STU0317,AWS,0.45521797498972916,64,1,2024-09-20
STU0318,Kubernetes,0.877476315300413,96,5,2024-06-27
STU0319,Docker,0.8873460977790437,72,4,2024-08-02
STU0320,Terraform,0.7908687793424731,82,5,2024-11-25
STU0321,Terraform,0.48899667120421864,84,2,2024-10-20
STU0322,AWS,0.5839646297928225,94,1,2024-12-03
STU0323,Docker,0.618939609245567,74,1,2024-07-01
STU0324,Docker,0.7257976479323878,89,5,2024-03-03
STU0325,AWS,0.32325054696343075,76,3,2024-07-22
STU0326,AWS,0.4945243894493716,95,3,2024-10-11
STU0327,Docker,0.3762227844175553,74,2,2024-02-08
STU0328,Docker,0.5824445354294561,63,4,2024-07-14
STU0329,AWS,0.8159688887816217,91,5,2024-04-19
STU0330,Docker,0.6565101708154045,79,4,2024-05-20
STU0331,Docker,0.9573394071026975,92,0,2024-03-16
STU0332,Docker,0.4417739404835934,87,3,2024-08-10
STU0333,Docker,0.771930183945057,96,2,2024-10-24
STU0334,AWS,0.8487683029025268,60,1,2024-01-02
STU0335,AWS,0.8839867900583085,80,5,2024-01-10
STU0336,Docker,0.39956353311710313,84,5,2024-04-11
STU0337,AWS,0.4546649471012916,76,4,2024-05-20
STU0338,Kubernetes,0.34358711642859174,86,1,2024-05-21
STU0339,Kubernetes,0.36154811421950034,76,3,2024-05-13
STU0340,Terraform,0.5917023829760015,83,2,2024-06-12
STU0341,AWS,0.2839669973438416,71,5,2024-09-16
STU0342,Kubernetes,0.49178979878229656,76,1,2024-10-27
STU0343,Docker,0.9882501570440136,75,2,2024-02-11
STU0344,AWS,0.7690370062647223,81,4,2024-04-27
STU0345,Kubernetes,0.43441666622927555,88,1,2024-06-25
STU0346,AWS,0.32275900657425965,85,1,2024-10-10
STU0347,AWS,0.36438253057447323,65,1,2024-06-02
STU0348,Kubernetes,0.33581818900513016,90,4,2024-08-17
STU0349,Terraform,0.5949804052083905,77,2,2024-03-03
STU0350,Docker,0.92695084102668,95,3,2024-02-07
STU0351,Kubernetes,0.36241783031916414,63,1,2024-11-27
STU0352,AWS,0.7862761099764184,79,5,2024-08-23
STU0353,Docker,0.4413977763879136,74,0,2024-11-07
STU0354,Docker,0.8662740247372076,85,0,2024-01-27
STU0355,Kubernetes,0.7380698570492117,86,1,2024-12-02
STU0356,Terraform,0.4428677445940643,96,1,2024-09-17
STU0357,Terraform,0.8699161144623966,88,0,2024-08-04
STU0358,Kubernetes,0.962610893272112,82,0,2024-02-01
STU0359,AWS,0.3947041215291262,84,1,2024-10-11
STU0360,Kubernetes,0.8905359385949174,89,2,2024-03-25
STU0361,AWS,0.5080790692885049,89,3,2024-04-15
STU0362,Terraform,0.6038402958101333,68,4,2024-08-03
STU0363,Terraform,0.27276068950273946,88,1,2024-05-18
STU0364,Terraform,0.36161329563184313,68,3,2024-08-07
STU0365,AWS,0.3005233197368677,100,3,2024-04-20
STU0366,Docker,0.8625011288734363,69,4,2024-08-24
STU0367,Docker,0.22965119144786056,95,0,2024-10-16
STU0368,Terraform,0.3678332538584879,81,4,2024-10-25
STU0369,Docker,0.23023445464105122,94,0,2024-11-23
STU0370,Kubernetes,0.7137174518280227,77,3,2024-01-01
STU0371,Kubernetes,0.9357119540485244,69,5,2024-11-23
STU0372,Kubernetes,0.34222365577560365,87,4,2024-10-16
STU0373,Terraform,0.660693348184219,89,5,2024-10-26
STU0374,Kubernetes,0.6222278693820893,81,3,2024-02-16
STU0375,Terraform,0.9996212540364435,79,3,2024-11-02
STU0376,Docker,0.2837237372709594,90,5,2024-07-27
STU0377,AWS,0.7800745469596184,88,1,2024-06-21
STU0378,AWS,0.5121455477924142,66,2,2024-06-27
STU0379,AWS,0.4288042605805227,92,3,2024-12-09
STU0380,AWS,0.4760924477498618,70,1,2024-07-27
STU0381,Kubernetes,0.6499121228982501,71,5,2024-02-20
STU0382,Kubernetes,0.6127856615922809,99,5,2024-12-05
STU0383,Docker,0.3858292656185758,76,3,2024-04-17
STU0384,Kubernetes,0.212642769586245,66,1,2024-09-18
STU0385,Kubernetes,0.44207407138503707,89,3,2024-10-07
STU0386,Terraform,0.9190229369671896,91,4,2024-08-04
STU0387,Docker,0.6621474559799536,85,1,2024-06-10
STU0388,Docker,0.9684388364497467,79,3,2024-08-18
STU0389,Kubernetes,0.49824255444680027,74,5,2024-08-01
STU0390,AWS,0.36850800662815053,81,1,2024-09-25
STU0391,Kubernetes,0.962084140966639,72,3,2024-05-03
STU0392,Docker,0.4801759327108016,70,0,2024-12-04
STU0393,AWS,0.9170617416555147,60,0,2024-01-07
STU0394,AWS,0.6678154087474146,87,2,2024-05-02
STU0395,Terraform,0.7995357280187998,72,0,2024-07-08
STU0396,AWS,0.730773696468195,79,5,2024-01-21
STU0397,Terraform,0.2111556301654588,89,4,2024-01-04
STU0398,Terraform,0.5537315137740171,62,5,2024-05-09
STU0399,Docker,0.7209249197401708,67,1,2024-07-08
STU0400,Kubernetes,0.46249472819768944,65,4,2024-09-21
STU0401,AWS,0.7494099404697607,96,5,2024-01-12
STU0402,Terraform,0.6875350467250958,75,1,2024-09-07
STU0403,AWS,0.8545718247385861,67,5,2024-01-05
STU0404,AWS,0.3295252675036824,73,2,2024-07-15
STU0405,Docker,0.41995927024575463,86,4,2024-01-25
STU0406,AWS,0.84850487419845,99,2,2024-09-04
STU0407,Terraform,0.749899682308308,92,0,2024-09-21
STU0408,Kubernetes,0.9176290005215295,78,2,2024-03-27
STU0409,Docker,0.8710728577778286,83,3,2024-10-06
STU0410,Terraform,0.9589233836816975,88,4,2024-07-28
STU0411,Kubernetes,0.8304262379318548,97,2,2024-06-10
STU0412,Terraform,0.8915328883209519,98,2,2024-02-20
STU0413,Kubernetes,0.28402404202973985,76,1,2024-06-28
STU0414,Docker,0.5917836661243985,79,1,2024-01-14
STU0415,Terraform,0.9823844756289604,96,4,2024-03-10
STU0416,Docker,0.7017230444899425,86,2,2024-03-05
STU0417,Docker,0.7491409166324132,98,0,2024-03-02
STU0418,Kubernetes,0.5073459391434257,86,5,2024-10-02
STU0419,Docker,0.7241211880480507,88,4,2024-08-02
STU0420,Docker,0.7279153704333163,100,4,2024-05-01
STU0421,AWS,0.7287213921786331,87,2,2024-04-15
STU0422,Terraform,0.699026788560663,92,1,2024-12-08
STU0423,Docker,0.36235243686326,91,1,2024-09-06
STU0424,Kubernetes,0.37148206856875554,87,5,2024-05-19
STU0425,Docker,0.30786992310505856,83,5,2024-09-08
STU0426,AWS,0.8730257795888905,100,5,2024-12-11
STU0427,Docker,0.39234942790336574,68,0,2024-06-28
STU0428,Terraform,0.7787761394602224,99,4,2024-02-19
STU0429,Docker,0.7342984979998044,94,1,2024-06-22
STU0430,AWS,0.20988276970586625,73,1,2024-07-27
STU0431,Terraform,0.35309958044635864,90,1,2024-07-11
STU0432,AWS,0.4258419949351751,64,2,2024-11-08
STU0433,Docker,0.2028147963707376,75,0,2024-03-15
STU0434,Terraform,0.3843359603680485,69,5,2024-07-01
STU0435,AWS,0.6751673428017915,72,1,2024-06-08
STU0436,Kubernetes,0.3085657924571068,77,0,2024-09-03
STU0437,AWS,0.2939525692733776,74,4,2024-06-22
STU0438,AWS,0.9288991872931391,74,3,2024-11-03
STU0439,Terraform,0.5491094184836669,84,3,2024-06-14
STU0440,AWS,0.4757142600676334,98,4,2024-02-02
STU0441,Terraform,0.3086070792103113,96,4,2024-06-09
STU0442,Kubernetes,0.5857175337872393,81,2,2024-05-15
STU0443,Terraform,0.33556114736958725,72,2,2024-10-05
STU0444,Terraform,0.335408749902971,71,0,2024-08-12
STU0445,AWS,0.3199412681200491,100,0,2024-10-27
STU0446,Docker,0.3190255346003983,74,4,2024-07-09
STU0447,AWS,0.33287662787300576,76,5,2024-05-21
STU0448,Docker,0.41565165406208227,89,3,2024-06-05
STU0449,Kubernetes,0.5579943750582067,83,3,2024-03-04
STU0450,AWS,0.45110438514622253,65,5,2024-05-05
STU0451,AWS,0.7284362164701326,84,1,2024-08-27
STU0452,Terraform,0.37677630587542765,84,5,2024-03-04
STU0453,Terraform,0.5959405647304459,66,1,2024-06-18
STU0454,Docker,0.8484468588853613,94,2,2024-02-12
STU0455,Docker,0.6088501091738658,93,1,2024-09-07
STU0456,Kubernetes,0.9184234412858285,61,5,2024-10-27
STU0457,Terraform,0.3973625448598722,65,4,2024-02-27
STU0458,Kubernetes,0.4595319682933358,90,2,2024-09-06
STU0459,Kubernetes,0.6022025475492909,77,4,2024-08-04
STU0460,AWS,0.40528056609126745,90,4,2024-05-15
STU0461,AWS,0.8809973049565674,76,3,2024-05-14
STU0462,Docker,0.24764609801410825,79,3,2024-09-05
STU0463,Kubernetes,0.22735869969775857,93,4,2024-11-05
STU0464,Docker,0.39468370610993625,86,0,2024-02-02
STU0465,AWS,0.31547696322529406,77,4,2024-07-28
STU0466,AWS,0.3357894976253646,64,4,2024-11-13
STU0467,Terraform,0.31531400776122864,77,1,2024-07-09
STU0468,Terraform,0.5256124162496332,69,1,2024-09-10
STU0469,Kubernetes,0.9646021222295851,72,1,2024-02-08
STU0470,Kubernetes,0.830734147773484,64,0,2024-12-05
STU0471,Kubernetes,0.5438531551291983,63,1,2024-12-13
STU0472,Kubernetes,0.324267922346699,65,5,2024-07-12
STU0473,AWS,0.8373696348712483,69,4,2024-09-10
STU0474,AWS,0.9002351607733614,82,1,2024-05-11
STU0475,Kubernetes,0.9537604056803433,85,3,2024-06-11
STU0476,Terraform,0.3500986457400611,80,1,2024-02-12
STU0477,Kubernetes,0.7329387666778711,67,0,2024-10-20
STU0478,Docker,0.42419349556741476,96,4,2024-07-03
STU0479,Docker,0.6434207233116513,93,5,2024-05-26
STU0480,Docker,0.21200808246830585,85,2,2024-06-18
STU0481,Terraform,0.8621898867936093,66,0,2024-04-02
STU0482,Docker,0.3542806292315233,70,0,2024-04-02
STU0483,Terraform,0.4036866218288242,61,0,2024-01-06
STU0484,Kubernetes,0.73530186145115,65,4,2024-08-12
STU0485,Kubernetes,0.6730018103312108,66,0,2024-07-02
STU0486,Docker,0.7132063148200294,92,3,2024-11-27
STU0487,Docker,0.21135712852993552,90,1,2024-01-01
STU0488,Kubernetes,0.30850400534429623,87,1,2024-12-23
STU0489,Kubernetes,0.9522541707358219,77,4,2024-12-14
STU0490,Docker,0.9083015188482093,95,4,2024-09-16
STU0491,Docker,0.7952613047695845,98,0,2024-12-25
STU0492,Terraform,0.454188562649285,81,3,2024-10-20
STU0493,Terraform,0.5894663106004165,81,3,2024-06-23
STU0494,Kubernetes,0.44335591313628586,60,3,2024-02-23
STU0495,Docker,0.5141036504325833,77,2,2024-12-04
STU0496,AWS,0.4804495394976025,63,3,2024-04-05
STU0497,Docker,0.2097132995425769,95,1,2024-01-10
STU0498,Kubernetes,0.6134430674556592,80,0,2024-03-04
STU0499,Docker,0.2226063430721732,94,5,2024-11-11
STU0500,Kubernetes,0.9568958823229032,87,3,2024-03-04
STU0501,Kubernetes,0.36253080641620605,63,0,2024-09-25
STU0502,Docker,0.38002959128551983,86,1,2024-06-13
STU0503,Terraform,0.5235411010322709,94,3,2024-05-25
STU0504,Kubernetes,0.793943726091938,74,3,2024-09-12
STU0505,AWS,0.8570052574435103,97,3,2024-06-12
STU0506,Terraform,0.5145702835192736,87,2,2024-07-06
STU0507,Docker,0.8843692554684142,97,0,2024-12-07
STU0508,AWS,0.22564458789596753,100,0,2024-06-26
STU0509,AWS,0.4086145496270551,68,4,2024-03-10
STU0510,Terraform,0.6650180526017345,90,3,2024-08-21
STU0511,Docker,0.3282996459891787,92,1,2024-12-16
STU0512,Docker,0.8333359061078347,87,0,2024-12-05
STU0513,Terraform,0.7501730577362471,100,2,2024-07-14
STU0514,Kubernetes,0.42468587870468844,77,5,2024-04-26
STU0515,Docker,0.8461156666249849,92,5,2024-09-18
STU0516,AWS,0.508623596481415,73,1,2024-09-12
STU0517,Docker,0.8565827683722007,97,5,2024-08-23
STU0518,Terraform,0.5314500758025109,95,2,2024-04-18
STU0519,Kubernetes,0.5053154577798906,68,5,2024-04-24
STU0520,Kubernetes,0.8288950412362828,94,4,2024-04-18
STU0521,Terraform,0.46823221176987445,79,0,2024-05-28
STU0522,Docker,0.2550861643272427,74,5,2024-01-17
STU0523,Terraform,0.8504914771307215,100,1,2024-03-28
STU0524,AWS,0.3365001268313489,81,1,2024-06-06
STU0525,Terraform,0.3691792679223374,78,1,2024-10-23
STU0526,Kubernetes,0.5056329798106513,62,0,2024-06-07
STU0527,Terraform,0.5007261531988983,70,5,2024-07-22
STU0528,Terraform,0.7496277099409665,84,5,2024-05-14
STU0529,Kubernetes,0.799471900133754,99,3,2024-11-23
STU0530,Kubernetes,0.26117627978567426,97,2,2024-10-24
STU0531,Terraform,0.42428107598596676,88,4,2024-02-18
STU0532,Terraform,0.7848280493958335,97,5,2024-11-19
STU0533,Kubernetes,0.27700050430362544,63,2,2024-12-12
STU0534,Terraform,0.2012817865101839,93,4,2024-04-19
STU0535,Docker,0.986908143728191,81,0,2024-05-20
STU0536,Kubernetes,0.6069837196161918,99,4,2024-12-27
STU0537,Terraform,0.41671789084312716,67,0,2024-04-17
STU0538,AWS,0.8254156668825394,63,0,2024-04-12
STU0539,AWS,0.4682018283489021,74,3,2024-03-28
STU0540,AWS,0.6341529635967804,73,4,2024-08-23
STU0541,AWS,0.8364707931732791,86,2,2024-11-03
STU0542,AWS,0.4107998209876318,83,1,2024-06-07
STU0543,AWS,0.3518907126232229,100,0,2024-05-20
STU0544,AWS,0.4687640147967012,91,5,2024-10-22
STU0545,Docker,0.7626939952700322,78,5,2024-07-28
STU0546,AWS,0.7613042381561592,86,3,2024-06-15
STU0547,Kubernetes,0.4549883803650514,73,2,2024-10-22
STU0548,Docker,0.3587640264782088,78,5,2024-05-11
STU0549,AWS,0.8339260309391225,77,1,2024-08-03
STU0550,Docker,0.9434296283507053,91,1,2024-01-18
STU0551,Terraform,0.23418045441274932,97,2,2024-02-03
STU0552,Kubernetes,0.8339370758634297,85,3,2024-06-09
STU0553,Kubernetes,0.5155422259274782,96,3,2024-10-05
STU0554,Kubernetes,0.8542839662422737,77,4,2024-06-22
STU0555,Kubernetes,0.20808321672902574,98,3,2024-09-12
STU0556,Terraform,0.30658610606920106,88,3,2024-11-22
STU0557,Kubernetes,0.2922805010772665,91,4,2024-04-09
STU0558,Kubernetes,0.6691914211095602,97,3,2024-09-27
STU0559,Kubernetes,0.9330449018477283,88,3,2024-08-05
STU0560,AWS,0.31100809274842717,69,4,2024-10-24
STU0561,AWS,0.7861130328207366,77,0,2024-10-21
STU0562,AWS,0.9529237457489306,67,1,2024-09-10
STU0563,Docker,0.4635709529574505,88,5,2024-08-05
STU0564,Terraform,0.8332349797079082,83,5,2024-03-13
STU0565,AWS,0.5579597042746133,85,5,2024-05-23
STU0566,Docker,0.9285923841136492,97,3,2024-01-23
STU0567,Kubernetes,0.3490160587952854,85,5,2024-11-17
STU0568,AWS,0.244713423819303,60,1,2024-11-07
STU0569,AWS,0.6806092233876055,70,3,2024-11-12
STU0570,Terraform,0.9180815549286947,76,2,2024-04-17
STU0571,Terraform,0.770345043026917,90,5,2024-11-20
STU0572,AWS,0.25112692241730517,75,5,2024-06-22
STU0573,AWS,0.43131923962257857,95,1,2024-12-22
STU0574,AWS,0.5435344408650644,62,2,2024-12-04
STU0575,Docker,0.6357319115226789,95,4,2024-10-04
STU0576,Terraform,0.8583855147705846,74,2,2024-09-06
STU0577,Docker,0.29725147748360653,98,5,2024-11-26
STU0578,Docker,0.8679283487625014,71,3,2024-12-01
STU0579,Docker,0.2156177733071946,66,0,2024-02-08
STU0580,AWS,0.33417630420869704,62,2,2024-11-07
STU0581,Terraform,0.6872860586656298,85,1,2024-07-14
STU0582,AWS,0.38985375571829545,91,0,2024-06-09
STU0583,Terraform,0.4381707767567858,98,1,2024-02-26
STU0584,Docker,0.4306005290303914,90,0,2024-01-28
STU0585,Kubernetes,0.3028137448128491,92,2,2024-10-06
STU0586,Kubernetes,0.25394389838953607,100,0,2024-03-02
STU0587,Terraform,0.371263814587054,89,2,2024-03-09
STU0588,Kubernetes,0.4098914316666673,66,1,2024-11-18
STU0589,Docker,0.6526707167912289,71,0,2024-02-10
STU0590,Terraform,0.555128968854359,95,2,2024-03-14
STU0591,Docker,0.22815939104751035,95,5,2024-09-14
STU0592,Docker,0.3108392873821084,100,3,2024-12-04
STU0593,Kubernetes,0.7273362854062015,76,5,2024-07-02
STU0594,Terraform,0.6586047939291593,67,0,2024-12-27
STU0595,Kubernetes,0.8729412627898039,80,0,2024-10-26
STU0596,AWS,0.42028634791357783,98,1,2024-12-27
STU0597,Kubernetes,0.38896348203003583,89,3,2024-04-09
STU0598,Terraform,0.6308503864208661,98,1,2024-11-17
STU0599,Docker,0.6835829058383858,80,0,2024-01-11
STU0600,Docker,0.461899276351267,98,2,2024-10-13
STU0601,AWS,0.9836183706330937,83,2,2024-09-02
STU0602,Docker,0.31100265350694106,97,0,2024-05-16
STU0603,Kubernetes,0.5629019602495555,82,1,2024-09-24
STU0604,AWS,0.3896345237997036,100,1,2024-09-09
STU0605,Terraform,0.5361812334154694,80,3,2024-01-04
STU0606,AWS,0.5603000809203127,68,1,2024-02-25
STU0607,Kubernetes,0.5473080831122595,85,2,2024-02-26
STU0608,Kubernetes,0.2948080656174565,73,0,2024-01-07
STU0609,AWS,0.2986315812759519,75,5,2024-05-06
STU0610,Docker,0.4636446319820575,77,2,2024-02-15
STU0611,Docker,0.9881801669150951,88,4,2024-01-07
STU0612,Terraform,0.22830294555699515,88,4,2024-11-07
STU0613,Terraform,0.9089764770085622,91,1,2024-06-14
STU0614,AWS,0.3872887983927112,95,0,2024-12-16
STU0615,Terraform,0.6286133225672728,60,4,2024-10-08
STU0616,Terraform,0.29820408281680166,97,3,2024-07-26
STU0617,Kubernetes,0.5796578632243901,73,0,2024-03-05
STU0618,Terraform,0.659235591308077,76,1,2024-05-28
STU0619,Docker,0.7255049067359765,84,2,2024-03-02
STU0620,Terraform,0.8900136381306534,83,3,2024-11-25
STU0621,Kubernetes,0.9458498978926986,65,2,2024-08-07
STU0622,AWS,0.45003384194986334,79,4,2024-05-02
STU0623,Terraform,0.9617894502632309,76,3,2024-07-19
STU0624,AWS,0.7798281454973954,96,1,2024-06-13
STU0625,Terraform,0.2590996322345965,85,4,2024-07-16
STU0626,Kubernetes,0.5918584844915185,88,3,2024-05-13
STU0627,Terraform,0.4886621535653706,87,5,2024-10-26
STU0628,Docker,0.23052324044898392,61,0,2024-04-07
STU0629,Docker,0.31890371663109107,91,1,2024-10-25
STU0630,Terraform,0.3777461741827661,100,2,2024-09-10
STU0631,Docker,0.49600072602938217,97,3,2024-05-08
STU0632,Docker,0.3410609390488937,77,2,2024-12-17
STU0633,AWS,0.6808471677713794,77,1,2024-06-27
STU0634,AWS,0.4735800932835805,93,5,2024-05-15
STU0635,Terraform,0.9776961086035183,99,2,2024-01-01
STU0636,Docker,0.3031294666449563,98,1,2024-12-01
STU0637,Docker,0.7741744974894289,60,5,2024-07-07
STU0638,Terraform,0.45897138652870884,75,2,2024-02-01
STU0639,Terraform,0.817862163750865,92,0,2024-02-14
STU0640,AWS,0.9711473310792151,98,3,2024-09-16
STU0641,Kubernetes,0.4610695274698821,76,5,2024-03-21
STU0642,Terraform,0.4190596679479753,89,4,2024-06-16
STU0643,Terraform,0.5050639211470633,89,0,2024-05-27
STU0644,AWS,0.7837277947267112,90,1,2024-10-14
STU0645,Kubernetes,0.3558579695435822,99,4,2024-07-13
STU0646,AWS,0.44587236717184164,75,4,2024-01-02
STU0647,Kubernetes,0.2301846848329265,62,3,2024-10-19
STU0648,Kubernetes,0.32724951076959996,97,1,2024-10-14
STU0649,Docker,0.8464327414803536,62,0,2024-10-03
STU0650,AWS,0.8995075154680623,92,2,2024-04-10
STU0651,Kubernetes,0.24397709035092616,85,3,2024-05-25
STU0652,Docker,0.7739783543465137,75,1,2024-11-22
STU0653,Kubernetes,0.33729258374004295,72,1,2024-07-18
STU0654,AWS,0.9386685539016968,89,2,2024-06-03
STU0655,Terraform,0.6738707726092078,93,5,2024-07-25
STU0656,Kubernetes,0.7791133847911289,89,2,2024-02-17
STU0657,Kubernetes,0.32355501561342886,82,0,2024-08-12
STU0658,AWS,0.8729153635273244,70,4,2024-09-15
STU0659,Terraform,0.43000018936297296,88,0,2024-06-12
STU0660,Terraform,0.9357830774941656,75,1,2024-02-02
STU0661,Docker,0.6097690757364769,99,1,2024-06-01
STU0662,Terraform,0.9061535859450434,66,5,2024-02-18
STU0663,Kubernetes,0.5766881684737075,63,3,2024-07-22
STU0664,Terraform,0.43518213199168915,93,4,2024-11-11
STU0665,Terraform,0.7873166320553955,71,1,2024-05-02
STU0666,Terraform,0.886754351809153,78,3,2024-10-23
STU0667,AWS,0.46997055460973364,76,0,2024-07-13
STU0668,Terraform,0.4463358918961043,78,0,2024-12-24
STU0669,AWS,0.6180772984961738,66,4,2024-10-28
STU0670,Kubernetes,0.6841479618055277,80,0,2024-05-23
STU0671,AWS,0.21108041616523554,66,2,2024-10-20
STU0672,Kubernetes,0.6955586548605651,100,2,2024-04-20
STU0673,Kubernetes,0.3609795963152035,93,5,2024-08-26
STU0674,Kubernetes,0.6131305863842518,85,5,2024-06-28
STU0675,Kubernetes,0.7766454770667564,67,4,2024-12-02
STU0676,AWS,0.27933617986285636,90,0,2024-03-01
STU0677,Kubernetes,0.9651090375300726,91,0,2024-03-28
STU0678,AWS,0.7077751422980014,96,1,2024-11-10
STU0679,Terraform,0.7190196569942122,60,4,2024-04-07
STU0680,Kubernetes,0.8392746783615916,81,1,2024-08-25
STU0681,Docker,0.887940783958072,83,3,2024-10-17
STU0682,AWS,0.5298618912165107,92,2,2024-10-05
STU0683,Terraform,0.6306974295729093,77,2,2024-09-20
STU0684,Terraform,0.28980440121763434,78,2,2024-10-19
STU0685,AWS,0.6414122406806102,74,0,2024-01-15
STU0686,Terraform,0.25062735576233747,99,5,2024-11-16
STU0687,Docker,0.642703512552623,83,5,2024-11-14
STU0688,Kubernetes,0.8660476347164259,84,3,2024-05-28
STU0689,AWS,0.7603855817088987,72,3,2024-05-13
STU0690,Terraform,0.9719785710259206,84,2,2024-08-05
STU0691,Kubernetes,0.47129039027596387,62,3,2024-06-09
STU0692,Docker,0.8564245329173612,63,4,2024-08-11
STU0693,Kubernetes,0.4692218364753078,93,0,2024-09-19
STU0694,Terraform,0.2809095095765611,74,3,2024-07-07
STU0695,Docker,0.293979031140722,95,2,2024-11-14
STU0696,Kubernetes,0.8691218776322345,70,5,2024-09-24
STU0697,AWS,0.8575125903738108,76,1,2024-11-13
STU0698,Docker,0.723718140682093,68,4,2024-06-14
STU0699,Kubernetes,0.9625993525730385,65,0,2024-02-18
STU0700,Terraform,0.3954154130072609,94,1,2024-07-15
STU0701,Terraform,0.9006288192389302,83,4,2024-09-04
STU0702,AWS,0.3850952844650182,98,2,2024-10-17
STU0703,Kubernetes,0.36737452044595975,70,0,2024-04-09
STU0704,Terraform,0.4836105842418035,97,5,2024-10-09
STU0705,AWS,0.8237984217298373,80,2,2024-09-26
STU0706,Kubernetes,0.6588078672014501,94,5,2024-11-15
STU0707,Terraform,0.25648724522527006,75,1,2024-08-11
STU0708,AWS,0.6123778896736294,82,1,2024-11-18
STU0709,Kubernetes,0.33358212584960373,72,1,2024-07-11
STU0710,AWS,0.24957311606264174,65,2,2024-09-11
STU0711,Terraform,0.5777990240083961,80,5,2024-07-15
STU0712,Kubernetes,0.4611429702885997,73,2,2024-08-11
STU0713,AWS,0.3642452174581028,64,1,2024-07-08
STU0714,AWS,0.36407457050915987,81,0,2024-11-20
STU0715,Terraform,0.35368348510817316,100,1,2024-10-25
STU0716,Kubernetes,0.443312861043893,65,2,2024-01-28
STU0717,Docker,0.35077754586164994,89,5,2024-10-18
STU0718,Docker,0.8904389534949679,67,4,2024-04-20
STU0719,Kubernetes,0.4239991521541274,62,2,2024-02-09
STU0720,Terraform,0.8061063383071838,80,0,2024-03-22
STU0721,AWS,0.9422288004076653,93,4,2024-07-07
STU0722,Kubernetes,0.760881901705301,95,5,2024-09-13
STU0723,AWS,0.5379141674585635,68,0,2024-04-16
STU0724,AWS,0.47596389573114517,88,0,2024-12-16
STU0725,Terraform,0.8570981770025949,81,2,2024-09-17
STU0726,Kubernetes,0.21881178345679492,91,5,2024-08-04
STU0727,Docker,0.8545922926399081,77,5,2024-01-22
STU0728,Terraform,0.6395372935614432,94,3,2024-02-06
STU0729,Docker,0.7419193062859974,73,0,2024-01-06
STU0730,Docker,0.25090093293419574,82,4,2024-07-22
STU0731,Terraform,0.4252535430596033,75,1,2024-01-16
STU0732,Kubernetes,0.8634180519735815,66,2,2024-10-19
STU0733,AWS,0.42538212999001446,96,1,2024-11-15
STU0734,Kubernetes,0.9941549732281831,97,5,2024-09-27
STU0735,Kubernetes,0.5146263237469886,70,0,2024-07-14
STU0736,Docker,0.9295045551923338,80,2,2024-09-20
STU0737,Docker,0.5233773547100962,80,2,2024-11-10
STU0738,Terraform,0.5885989507698328,95,0,2024-06-01
STU0739,Kubernetes,0.9646215849372852,68,3,2024-06-15
STU0740,Terraform,0.6675233748233964,97,3,2024-03-09
STU0741,Docker,0.2795361213747938,68,2,2024-07-02
STU0742,Docker,0.9459613339987114,80,0,2024-12-23
STU0743,AWS,0.8053328735645329,63,0,2024-04-19
STU0744,Docker,0.7964914252295885,82,5,2024-12-19
STU0745,Terraform,0.5311893944590353,99,1,2024-08-07
STU0746,Terraform,0.8451365274050895,75,1,2024-08-22
STU0747,Docker,0.32702438109510973,60,2,2024-03-24
STU0748,Kubernetes,0.5216193300141809,88,4,2024-10-21
STU0749,AWS,0.45976469444524226,65,1,2024-08-28
STU0750,Docker,0.40703080559227484,94,3,2024-10-17
STU0751,Terraform,0.6775616568833374,69,3,2024-04-09
STU0752,Kubernetes,0.3047713969731547,73,1,2024-11-17
STU0753,AWS,0.2569831380034385,64,0,2024-11-06
STU0754,AWS,0.3809770712659565,92,1,2024-08-06
STU0755,Docker,0.3202731557999897,68,1,2024-07-02
STU0756,AWS,0.20130621372018612,95,0,2024-07-04
STU0757,Docker,0.6884257555744404,60,0,2024-11-15
STU0758,Terraform,0.4770410313706858,66,1,2024-06-16
STU0759,Kubernetes,0.6829927652708179,60,0,2024-04-22
STU0760,Kubernetes,0.7839536529177438,94,2,2024-12-26
STU0761,Kubernetes,0.9832219230765622,74,0,2024-10-01
STU0762,AWS,0.24773436451590083,70,3,2024-09-26
STU0763,Terraform,0.40975772331846816,74,2,2024-10-09
STU0764,Kubernetes,0.6071404971612002,88,4,2024-12-10
STU0765,Kubernetes,0.9763537410968561,92,3,2024-11-18
STU0766,Docker,0.7956433650157932,87,1,2024-01-22
STU0767,Kubernetes,0.6615052196577502,81,0,2024-07-12
STU0768,AWS,0.7036756515736267,63,5,2024-08-09
STU0769,Terraform,0.7295522870578204,68,4,2024-06-16
STU0770,Terraform,0.41669478254067693,79,3,2024-12-18
STU0771,Docker,0.8581711329331505,82,0,2024-07-06
STU0772,Kubernetes,0.274426461812007,78,4,2024-09-22
STU0773,Terraform,0.874510146009607,65,0,2024-07-06
STU0774,Terraform,0.37194215686354887,61,5,2024-04-06
STU0775,Kubernetes,0.7274220175194066,85,4,2024-12-16
STU0776,AWS,0.7675207432399289,78,3,2024-05-17
STU0777,Kubernetes,0.5441967328009312,64,5,2024-11-27
STU0778,Terraform,0.4838253430912796,86,4,2024-12-27
STU0779,AWS,0.2889154700071811,60,5,2024-05-24
STU0780,Terraform,0.41769587732733693,69,3,2024-01-07
STU0781,Kubernetes,0.4977265832293243,76,2,2024-08-11
STU0782,Docker,0.3050776742690253,64,2,2024-12-25
STU0783,Terraform,0.34881577570960537,79,0,2024-08-28
STU0784,Docker,0.9142431811889755,80,5,2024-02-27
STU0785,AWS,0.829640933354477,66,2,2024-01-23
STU0786,Kubernetes,0.8146960278446957,80,3,2024-02-08
STU0787,Docker,0.6658697510142467,97,3,2024-06-24
STU0788,AWS,0.7470367289575615,69,1,2024-03-06
STU0789,AWS,0.796342895680509,73,2,2024-12-24
STU0790,AWS,0.43658110496176195,66,2,2024-09-25
STU0791,Kubernetes,0.22765417105275418,65,2,2024-09-10
STU0792,Kubernetes,0.23001027864294984,99,1,2024-02-01
STU0793,Terraform,0.2451553669865943,69,4,2024-10-16
STU0794,AWS,0.6550312909487115,79,4,2024-08-02
STU0795,AWS,0.5448122248507739,79,3,2024-11-09
STU0796,AWS,0.41925486051257255,64,4,2024-01-07
STU0797,Terraform,0.48277014911405375,97,4,2024-05-23
STU0798,AWS,0.3715000254692917,92,3,2024-12-13
STU0799,Kubernetes,0.421380441701764,88,0,2024-05-20
STU0800,Docker,0.6831431259574516,97,0,2024-01-11
STU0801,AWS,0.8775267098775466,100,5,2024-11-10
STU0802,Terraform,0.24822145382771518,72,1,2024-03-17
STU0803,Terraform,0.5883158241230793,98,3,2024-09-02
STU0804,Kubernetes,0.29994120603501256,71,3,2024-10-06
STU0805,Kubernetes,0.7438918523783855,86,0,2024-11-06
STU0806,AWS,0.719545290447887,60,4,2024-07-07
STU0807,AWS,0.7847455056223545,92,3,2024-03-04
STU0808,Kubernetes,0.5580211118795204,82,5,2024-10-15
STU0809,Kubernetes,0.21562154731306837,78,2,2024-08-27
STU0810,Terraform,0.3568178676091478,62,0,2024-11-06
STU0811,Kubernetes,0.6548736246039423,96,5,2024-06-24
STU0812,Kubernetes,0.6328144806180944,86,5,2024-09-24
STU0813,Docker,0.6077458248013925,94,0,2024-11-03
STU0814,Kubernetes,0.5318449776345504,76,3,2024-04-10
STU0815,Terraform,0.6882333144926907,98,1,2024-04-24
STU0816,Docker,0.5644575457325903,71,0,2024-04-03
STU0817,AWS,0.8212102258096232,69,2,2024-11-18
STU0818,AWS,0.35658329565879365,87,3,2024-08-17
STU0819,Terraform,0.3639613212538703,80,4,2024-04-06
STU0820,Terraform,0.243182555349222,95,2,2024-01-25
STU0821,Kubernetes,0.7685854253846838,92,1,2024-11-23
STU0822,AWS,0.8210714308089435,89,4,2024-10-18
STU0823,Terraform,0.9663550293810859,97,3,2024-07-16
STU0824,AWS,0.6919489125328839,72,4,2024-11-28
STU0825,AWS,0.6477927986641565,68,1,2024-02-28
STU0826,Terraform,0.5940258129015799,62,0,2024-01-13
STU0827,Terraform,0.9053987554823333,99,2,2024-07-09
STU0828,Terraform,0.42107456527432413,97,4,2024-07-06
STU0829,Terraform,0.348541609263501,71,2,2024-08-17
STU0830,AWS,0.9110436741881878,72,1,2024-03-04
STU0831,Terraform,0.23286402350014096,93,3,2024-01-28
STU0832,Kubernetes,0.3033847816692372,99,1,2024-06-27
STU0833,Kubernetes,0.7386647420844419,99,5,2024-09-12
STU0834,AWS,0.8045485133086065,83,1,2024-09-13
STU0835,Kubernetes,0.88312688523485,93,4,2024-05-08
STU0836,AWS,0.25260433735176213,60,2,2024-05-22
STU0837,Kubernetes,0.9856554409456943,62,5,2024-01-19
STU0838,AWS,0.3598608506242985,81,4,2024-01-12
STU0839,AWS,0.5844738554449741,67,2,2024-04-13
STU0840,AWS,0.7882169817091382,93,4,2024-11-25
STU0841,Terraform,0.6696648926294804,78,0,2024-12-26
STU0842,Terraform,0.8566894557060494,78,5,2024-07-17
STU0843,Terraform,0.7494435124062258,71,0,2024-03-11
STU0844,AWS,0.2038139771852504,95,4,2024-01-06
STU0845,Docker,0.9353336613603718,92,1,2024-03-13
STU0846,Docker,0.20772539598583448,97,3,2024-01-17
STU0847,Docker,0.9391999986254764,76,5,2024-08-19
STU0848,Docker,0.4104124684419514,64,3,2024-06-27
STU0849,Kubernetes,0.6051215396606031,84,3,2024-03-26
STU0850,Kubernetes,0.9970369330446827,96,3,2024-09-18
STU0851,Docker,0.40294832792368834,94,0,2024-03-04
STU0852,Kubernetes,0.7525889867394857,91,0,2024-08-01
STU0853,Docker,0.7940615436365945,82,0,2024-09-21
STU0854,Kubernetes,0.5743016676498083,67,3,2024-02-06
STU0855,Docker,0.773843643931611,64,2,2024-02-01
STU0856,Kubernetes,0.46461320551892,72,5,2024-05-15
STU0857,Terraform,0.20961214910767823,75,3,2024-07-05
STU0858,Terraform,0.2587706266035039,83,0,2024-08-10
STU0859,Docker,0.5902201945130156,93,2,2024-11-08
STU0860,Terraform,0.9888372877789344,73,0,2024-06-03
STU0861,Kubernetes,0.4239382097363888,93,0,2024-03-18
STU0862,Docker,0.6623741019512834,61,3,2024-03-18
STU0863,AWS,0.36045698533932635,64,1,2024-11-08
STU0864,AWS,0.9686116017139041,80,1,2024-09-01
STU0865,Docker,0.5831105520506799,85,3,2024-02-20
STU0866,AWS,0.351479466488476,77,2,2024-05-18
STU0867,AWS,0.4567152564927576,82,0,2024-12-21
STU0868,AWS,0.4289325309381353,76,3,2024-03-11
STU0869,Terraform,0.499173651306191,82,0,2024-04-02
STU0870,AWS,0.8025804421885079,93,4,2024-12-07
STU0871,Docker,0.34860698468882667,75,0,2024-01-17
STU0872,Docker,0.5067640680739314,80,2,2024-04-08
STU0873,Docker,0.4400448371067093,75,1,2024-03-25
STU0874,AWS,0.8558858961807736,72,1,2024-07-27
STU0875,Docker,0.39310002739004635,85,2,2024-04-20
STU0876,Docker,0.5949186722540432,93,2,2024-04-25
STU0877,Kubernetes,0.27251953036603543,84,0,2024-06-03
STU0878,Terraform,0.8330262782703357,65,1,2024-09-04
STU0879,Docker,0.8242678512169836,90,5,2024-08-12
STU0880,Docker,0.8977702935677161,99,0,2024-05-08
STU0881,AWS,0.743332579459639,67,2,2024-04-11
STU0882,AWS,0.4268785498893539,85,5,2024-01-20
STU0883,AWS,0.6614303924040901,68,3,2024-01-24
STU0884,Docker,0.713663197269055,89,0,2024-06-23
STU0885,Terraform,0.215518989525408,67,0,2024-11-24
STU0886,Docker,0.7040351848212316,64,2,2024-09-28
STU0887,AWS,0.9869505432015411,93,5,2024-02-12
STU0888,Terraform,0.7466683625703416,75,5,2024-08-11
STU0889,Kubernetes,0.4394916855286475,77,3,2024-04-19
STU0890,Terraform,0.5960532257375319,67,2,2024-11-08
STU0891,AWS,0.9869770698032556,78,4,2024-11-27
STU0892,Kubernetes,0.31366956249878997,94,4,2024-03-24
STU0893,Kubernetes,0.35492092566772326,83,0,2024-05-05
STU0894,Docker,0.4766485984080957,64,0,2024-01-26
STU0895,AWS,0.2991996195663685,84,4,2024-09-23
STU0896,Kubernetes,0.3511520185358231,76,2,2024-06-08
STU0897,Docker,0.6616198479847424,95,4,2024-05-20
STU0898,Docker,0.8382897358256038,90,4,2024-03-13
STU0899,Docker,0.38617038701476797,61,4,2024-08-15
STU0900,Docker,0.8922093048600794,60,1,2024-01-20
STU0901,Docker,0.8065205664073245,92,3,2024-11-13
STU0902,AWS,0.27179434207098635,98,4,2024-11-21
STU0903,Terraform,0.4848682507105399,86,3,2024-10-05
STU0904,Terraform,0.7712360285053017,70,5,2024-08-12
STU0905,Terraform,0.8149913799937094,85,4,2024-08-20
STU0906,Terraform,0.22841409954057523,68,4,2024-07-03
STU0907,AWS,0.9373342457001204,89,5,2024-01-14
STU0908,Kubernetes,0.26491921658401485,84,5,2024-02-10
STU0909,AWS,0.7894118835808672,68,3,2024-05-22
STU0910,Terraform,0.30205542045136524,65,3,2024-12-13
STU0911,Docker,0.7680299217193356,63,4,2024-08-17
STU0912,Docker,0.7922866133924376,94,1,2024-11-20
STU0913,AWS,0.8181429456555442,76,1,2024-12-23
STU0914,Kubernetes,0.6010151687689176,93,1,2024-08-08
STU0915,AWS,0.6845590020796359,86,3,2024-02-21
STU0916,AWS,0.6124612599889714,76,4,2024-08-20
STU0917,Kubernetes,0.47484854001807425,90,3,2024-03-18
STU0918,Docker,0.40799050023985295,61,4,2024-12-03
STU0919,Kubernetes,0.8018063631395269,88,3,2024-07-25
STU0920,Docker,0.8291934790816606,71,5,2024-08-22
STU0921,Kubernetes,0.8350479146425693,62,3,2024-07-18
STU0922,Terraform,0.9179669266970178,75,5,2024-08-27
STU0923,AWS,0.8241269425008115,90,3,2024-12-20
STU0924,Kubernetes,0.49268340330213767,95,5,2024-11-01
STU0925,AWS,0.9748216715489424,80,3,2024-07-20
STU0926,Kubernetes,0.7135014133900339,73,2,2024-09-11
STU0927,Docker,0.8065733470414618,93,5,2024-06-14
STU0928,Docker,0.8560736165419944,88,2,2024-05-07
STU0929,Kubernetes,0.2952524285383623,79,4,2024-04-25
STU0930,Terraform,0.4060326348663445,99,5,2024-08-24
STU0931,AWS,0.7264277448754235,64,0,2024-12-02
STU0932,Kubernetes,0.6233462125634961,88,1,2024-05-24
STU0933,AWS,0.8663567884487178,92,3,2024-10-17
STU0934,Docker,0.5454716589166795,81,2,2024-04-02
STU0935,AWS,0.3747651049212115,65,1,2024-04-11
STU0936,Terraform,0.3843730289022988,90,3,2024-10-15
STU0937,AWS,0.7003626876670512,69,4,2024-08-23
STU0938,Terraform,0.34207482814864865,64,5,2024-11-10
STU0939,Docker,0.2224750733397376,72,5,2024-03-05
STU0940,Docker,0.3387902340187976,62,4,2024-04-15
STU0941,Terraform,0.5152568045273018,63,0,2024-07-16
STU0942,AWS,0.9214394930575887,66,0,2024-09-11
STU0943,Terraform,0.9584239954261913,93,3,2024-03-12
STU0944,Terraform,0.4545088888478581,82,4,2024-04-15
STU0945,Docker,0.3232434458771442,72,4,2024-09-27
STU0946,Terraform,0.6953995146507017,83,1,2024-06-22
STU0947,Kubernetes,0.9274301297580971,72,1,2024-12-22
STU0948,Kubernetes,0.2781761946075171,69,1,2024-04-27
STU0949,Kubernetes,0.9052321860027912,61,1,2024-10-01
STU0950,AWS,0.7469103830975747,90,3,2024-08-27
STU0951,Terraform,0.6500245597911447,90,2,2024-12-23
STU0952,Kubernetes,0.8449060464781264,83,3,2024-08-24
STU0953,Kubernetes,0.6649658862764294,76,0,2024-06-27
STU0954,AWS,0.7366707722320425,74,3,2024-01-13
STU0955,Kubernetes,0.9124649211620239,79,5,2024-06-14
STU0956,AWS,0.9089086932359656,92,4,2024-10-28
STU0957,AWS,0.9773518216171868,82,1,2024-03-17
STU0958,AWS,0.8978281368208887,98,0,2024-09-16
STU0959,Kubernetes,0.7265052166438883,78,3,2024-04-11
STU0960,AWS,0.6962472194394331,80,0,2024-05-24
STU0961,Kubernetes,0.20833806666200322,67,0,2024-03-12
STU0962,Kubernetes,0.2392435935760278,93,2,2024-11-21
STU0963,AWS,0.856626639012253,93,2,2024-03-07
STU0964,Docker,0.8398844530815479,76,5,2024-10-28
STU0965,AWS,0.5000419910180465,70,0,2024-09-27
STU0966,AWS,0.7527129325284982,65,5,2024-01-26
STU0967,Docker,0.2848839734170901,79,0,2024-08-28
STU0968,Docker,0.6291717245677249,92,0,2024-07-13
STU0969,AWS,0.479691014310675,98,3,2024-10-27
STU0970,Kubernetes,0.6662283788178481,96,2,2024-08-02
STU0971,Docker,0.243438360794696,66,5,2024-12-04
STU0972,Kubernetes,0.7202405956513622,70,3,2024-07-05
STU0973,Terraform,0.6453778002124377,72,2,2024-07-27
STU0974,Terraform,0.2782974216352506,85,4,2024-03-16
STU0975,Terraform,0.4744895578271269,76,0,2024-01-28
STU0976,Docker,0.7718488326290636,79,0,2024-06-25
STU0977,Terraform,0.43152290192034953,81,4,2024-02-19
STU0978,Terraform,0.40859583493121576,61,5,2024-05-05
STU0979,Terraform,0.6648429985777864,73,4,2024-02-08
STU0980,Docker,0.3396640795362643,85,5,2024-06-25
STU0981,Docker,0.6898495161987286,67,1,2024-03-04
STU0982,AWS,0.8296962982983638,90,5,2024-09-06
STU0983,Terraform,0.20608799537207886,98,4,2024-01-04
STU0984,Docker,0.2529607177116673,73,4,2024-08-21
STU0985,Terraform,0.6675122464741434,93,0,2024-11-27
STU0986,AWS,0.6044315482104228,63,3,2024-05-06
STU0987,Terraform,0.8296718673774166,99,4,2024-09-10
STU0988,Terraform,0.5716544909124148,100,1,2024-05-12
STU0989,AWS,0.5066603585590037,94,2,2024-01-18
STU0990,AWS,0.8654190419773702,90,3,2024-11-25
STU0991,Kubernetes,0.34260208703489703,75,3,2024-09-26
STU0992,Terraform,0.3300848874009239,79,1,2024-03-26
STU0993,Kubernetes,0.9192214003872465,85,1,2024-01-03
STU0994,AWS,0.37003742728698863,64,3,2024-03-21
STU0995,Docker,0.5055592007618614,94,4,2024-04-01
STU0996,Terraform,0.939756151071041,94,1,2024-09-24
STU0997,Docker,0.9970903831360292,67,3,2024-05-28
STU0998,Kubernetes,0.920827310161298,62,4,2024-01-01
STU0999,Terraform,0.6376638100074772,96,4,2024-02-14
